Workbook

Sheet Faixa de preço
A1: Netflix: faixa de preço do plano mais básico por região (US$/mês, outubro de 2026)
A2: Mínimo, mediana e máximo calculados por fórmula a partir da aba Países.
A4: Região | B4: Descrição | C4: Países | D4: Mínimo (US$) | E4: Mediana (US$) | F4: Máximo (US$) | G4: País(es) no mínimo | H4: País(es) no máximo | I4: Base do gráfico (invisível) | J4: Metade mais barata (mín. → mediana) | K4: Metade mais cara (mediana → máx.)
A5: UCAN | B5: EUA e Canadá | C5: =COUNTIF(Países!$B$2:$B$193,A5) -> 2 | D5: =_xlfn.MINIFS(Países!$D$2:$D$193,Países!$B$2:$B$193,A5) -> 5.61 | E5: {=MEDIAN(IF(Países!$B$2:$B$193=A5,Países!$D$2:$D$193))} -> 7.3 | F5: =_xlfn.MAXIFS(Países!$D$2:$D$193,Países!$B$2:$B$193,A5) -> 8.99 | G5: Canadá · Standard c/ anúncios | H5: EUA · Standard c/ anúncios | I5: =D5 -> 5.61 | J5: =E5-D5 -> 1.69 | K5: =F5-E5 -> 1.69
A6: LATAM | B6: América Latina e Caribe | C6: =COUNTIF(Países!$B$2:$B$193,A6) -> 33 | D6: =_xlfn.MINIFS(Países!$D$2:$D$193,Países!$B$2:$B$193,A6) -> 3.99 | E6: {=MEDIAN(IF(Países!$B$2:$B$193=A6,Países!$D$2:$D$193))} -> 5.99 | F6: =_xlfn.MAXIFS(Países!$D$2:$D$193,Países!$B$2:$B$193,A6) -> 11.99 | G6: Belize e mais 8 países · Básico | H6: Uruguai e Trinidad e Tobago · Básico | I6: =D6 -> 3.99 | J6: =E6-D6 -> 2 | K6: =F6-E6 -> 6
A7: Europa | B7: Inclui Turquia, Chipre e Cáucaso | C7: =COUNTIF(Países!$B$2:$B$193,A7) -> 48 | D7: =_xlfn.MINIFS(Países!$D$2:$D$193,Países!$B$2:$B$193,A7) -> 5.27 | E7: {=MEDIAN(IF(Países!$B$2:$B$193=A7,Países!$D$2:$D$193))} -> 9.925 | F7: =_xlfn.MAXIFS(Países!$D$2:$D$193,Países!$B$2:$B$193,A7) -> 17.94 | G7: Turquia · Básico | H7: Suíça e Liechtenstein · Básico | I7: =D7 -> 5.27 | J7: =E7-D7 -> 4.655 | K7: =F7-E7 -> 8.015
A8: Oriente Médio | B8: Países árabes da Ásia, Israel e Irã | C8: =COUNTIF(Países!$B$2:$B$193,A8) -> 13 | D8: =_xlfn.MINIFS(Países!$D$2:$D$193,Países!$B$2:$B$193,A8) -> 3.99 | E8: {=MEDIAN(IF(Países!$B$2:$B$193=A8,Países!$D$2:$D$193))} -> 7.99 | F8: =_xlfn.MAXIFS(Países!$D$2:$D$193,Países!$B$2:$B$193,A8) -> 10.74 | G8: Iraque, Irã e mais 4 países · Básico | H8: Israel · Básico | I8: =D8 -> 3.99 | J8: =E8-D8 -> 4 | K8: =F8-E8 -> 2.75
A9: África | B9: Continente inteiro | C9: =COUNTIF(Países!$B$2:$B$193,A9) -> 54 | D9: =_xlfn.MINIFS(Países!$D$2:$D$193,Países!$B$2:$B$193,A9) -> 1.54 | E9: {=MEDIAN(IF(Países!$B$2:$B$193=A9,Países!$D$2:$D$193))} -> 2.99 | F9: =_xlfn.MAXIFS(Países!$D$2:$D$193,Países!$B$2:$B$193,A9) -> 4.52 | G9: Quênia · Mobile | H9: Marrocos · Básico | I9: =D9 -> 1.54 | J9: =E9-D9 -> 1.45 | K9: =F9-E9 -> 1.53
A10: APAC | B10: Ásia-Pacífico | C10: =COUNTIF(Países!$B$2:$B$193,A10) -> 42 | D10: =_xlfn.MINIFS(Países!$D$2:$D$193,Países!$B$2:$B$193,A10) -> 0.9 | E10: {=MEDIAN(IF(Países!$B$2:$B$193=A10,Países!$D$2:$D$193))} -> 2.99 | F10: =_xlfn.MAXIFS(Países!$D$2:$D$193,Países!$B$2:$B$193,A10) -> 12.48 | G10: Paquistão · Mobile | H10: Singapura · Básico | I10: =D10 -> 0.9 | J10: =E10-D10 -> 2.09 | K10: =F10-E10 -> 9.49
G11: Colunas G e H (azul) são texto fixo: não mudam se os preços da aba Países mudarem.
A12: Colunas I a K alimentam o gráfico: a 1ª série (base) fica sem preenchimento, então cada barra começa no mínimo e termina no máximo; a troca de cor marca a mediana.

Sheet Países
A1: País | B1: Região | C1: Plano mais básico | D1: Preço (US$/mês) | E1: Moeda de cobrança | F1: Preço local
A2: Canada | B2: UCAN | C2: Standard with ads | D2: 5.61 | E2: CAD | F2: 7.99
A3: United States | B3: UCAN | C3: Standard with ads | D3: 8.99 | E3: USD | F3: 8.99
A4: Antigua and Barbuda | B4: LATAM | C4: Basic | D4: 10.99 | E4: USD | F4: 10.99
A5: Argentina | B5: LATAM | C5: Basic | D5: 5.94 | E5: ARS | F5: 8999
A6: Bahamas | B6: LATAM | C6: Basic | D6: 10.99 | E6: USD | F6: 10.99
A7: Barbados | B7: LATAM | C7: Basic | D7: 10.59 | E7: USD | F7: 10.59
A8: Belize | B8: LATAM | C8: Basic | D8: 3.99 | E8: USD | F8: 3.99
A9: Bolivia | B9: LATAM | C9: Basic | D9: 4.99 | E9: USD | F9: 4.99
A10: Brazil | B10: LATAM | C10: Standard with ads | D10: 4.17 | E10: BRL | F10: 20.9
A11: Chile | B11: LATAM | C11: Basic | D11: 7.35 | E11: CLP | F11: 7190
A12: Colombia | B12: LATAM | C12: Basic | D12: 5.84 | E12: COP | F12: 18900
A13: Costa Rica | B13: LATAM | C13: Basic | D13: 9.99 | E13: USD | F13: 9.99
... A193: Vietnam | B193: APAC | C193: Mobile | D193: 2.86 | E193: VND | F193: 74000
A195: Fonte: Central de Ajuda da Netflix (help.netflix.com/en/node/24926/<país>), coletado em 10/10/2026; câmbio do mesmo dia (open.er-api.com). Só países (membros da ONU + Vaticano, Palestina e Taiwan); territórios excluídos. Valores em azul são dados coletados.
A196: Regiões: África = continente inteiro; Europa = continente europeu + Turquia, Chipre e Cáucaso (classificação do Banco Mundial); Oriente Médio = países árabes da Ásia, Israel e Irã; demais pela geografia da ONU. A Netflix não publica a lista de países de cada região.

Sheet Como fazer
A1: Como montar o gráfico de faixa (mínimo a máximo) no Excel
A3: Opção 1 - Barras flutuantes (a usada na aba 'Faixa de preço'):
A4: 1. Monte 3 colunas: Base = mínimo; Parte 1 = mediana - mínimo; Parte 2 = máximo - mediana.
A5: (sem mediana, use só 2 colunas: Base = mínimo e Faixa = máximo - mínimo)
A6: 2. Selecione as regiões e as 3 colunas > Inserir > Gráfico de Barras > Barras Empilhadas.
A7: 3. Clique na série 'Base' > Formatar Série de Dados > Preenchimento: Sem preenchimento; Borda: Sem linha.
A8: 4. Para a 1ª região ficar no topo: Formatar eixo das categorias > 'Categorias em ordem inversa'
A9: e 'Eixo horizontal cruza: na categoria máxima'.
A10: 5. Fixe o eixo de valores (ex.: mínimo 0, máximo 20) e apague da legenda a entrada 'Base'.
A12: Opção 2 - Gráfico de Ações 'Máxima-Mínima-Fechamento' (nome pode variar na sua versão do Excel):
A13: - Precisa de 3 colunas nesta ordem: Máximo, Mínimo, Fechamento (use a mediana como 'fechamento').
A14: - Inserir > Gráficos de Cascata, Funil, Ações... > Ações > Máxima-Mínima-Fechamento.
... A23: inserir pasta de trabalho, para continuar editável).
